{
  "hybrid": {
    "methodology": "hybrid",
    "total_steps": 6865,
    "total_tokens": 28119040,
    "total_time": 600.1040418148041,
    "final_loss": 2.899066209793091,
    "min_loss": 2.361401319503784,
    "backward_passes": 4508,
    "forward_passes": 6865,
    "backward_reduction": 34.33357611070649,
    "tokens_per_second": 46856.94153127819,
    "loss_history": [
      [
        6766,
        2.9623355865478516
      ],
      [
        6767,
        3.162778615951538
      ],
      [
        6768,
        2.8904178142547607
      ],
      [
        6769,
        2.779242515563965
      ],
      [
        6770,
        2.9136862754821777
      ],
      [
        6771,
        2.935053825378418
      ],
      [
        6772,
        2.9307785034179688
      ],
      [
        6773,
        2.6031839847564697
      ],
      [
        6774,
        2.91554594039917
      ],
      [
        6775,
        2.890246629714966
      ],
      [
        6776,
        2.988013982772827
      ],
      [
        6777,
        2.94085431098938
      ],
      [
        6778,
        2.915717601776123
      ],
      [
        6779,
        3.2471747398376465
      ],
      [
        6780,
        3.0368025302886963
      ],
      [
        6781,
        2.655740976333618
      ],
      [
        6782,
        3.331470251083374
      ],
      [
        6783,
        2.7440295219421387
      ],
      [
        6784,
        3.0678749084472656
      ],
      [
        6785,
        2.8556602001190186
      ],
      [
        6786,
        2.888991117477417
      ],
      [
        6787,
        2.8386762142181396
      ],
      [
        6788,
        2.9659392833709717
      ],
      [
        6789,
        3.2042222023010254
      ],
      [
        6790,
        2.836221694946289
      ],
      [
        6791,
        3.064321756362915
      ],
      [
        6792,
        3.015141010284424
      ],
      [
        6793,
        2.9079291820526123
      ],
      [
        6794,
        3.029863119125366
      ],
      [
        6795,
        3.1226422786712646
      ],
      [
        6796,
        3.2950315475463867
      ],
      [
        6797,
        2.9997615814208984
      ],
      [
        6798,
        3.093754768371582
      ],
      [
        6799,
        2.973797082901001
      ],
      [
        6800,
        2.9229886531829834
      ],
      [
        6801,
        2.8104820251464844
      ],
      [
        6802,
        3.17875075340271
      ],
      [
        6803,
        3.0401852130889893
      ],
      [
        6804,
        3.0109140872955322
      ],
      [
        6805,
        2.822359561920166
      ],
      [
        6806,
        2.942405939102173
      ],
      [
        6807,
        3.0510549545288086
      ],
      [
        6808,
        2.937953472137451
      ],
      [
        6809,
        3.0884852409362793
      ],
      [
        6810,
        2.9605982303619385
      ],
      [
        6811,
        3.1416542530059814
      ],
      [
        6812,
        3.121457815170288
      ],
      [
        6813,
        3.172206163406372
      ],
      [
        6814,
        3.237023115158081
      ],
      [
        6815,
        3.0329480171203613
      ],
      [
        6816,
        2.9185879230499268
      ],
      [
        6817,
        2.89186692237854
      ],
      [
        6818,
        3.0243945121765137
      ],
      [
        6819,
        2.8945553302764893
      ],
      [
        6820,
        2.938307046890259
      ],
      [
        6821,
        3.1947476863861084
      ],
      [
        6822,
        3.0057458877563477
      ],
      [
        6823,
        2.9623992443084717
      ],
      [
        6824,
        3.3155319690704346
      ],
      [
        6825,
        2.9898459911346436
      ],
      [
        6826,
        2.5750043392181396
      ],
      [
        6827,
        3.10905122756958
      ],
      [
        6828,
        2.941760301589966
      ],
      [
        6829,
        2.7223684787750244
      ],
      [
        6830,
        2.788346767425537
      ],
      [
        6831,
        3.2584445476531982
      ],
      [
        6832,
        3.1153557300567627
      ],
      [
        6833,
        3.029108762741089
      ],
      [
        6834,
        3.16294002532959
      ],
      [
        6835,
        3.2850890159606934
      ],
      [
        6836,
        3.066344738006592
      ],
      [
        6837,
        2.882767677307129
      ],
      [
        6838,
        3.088826894760132
      ],
      [
        6839,
        2.994385004043579
      ],
      [
        6840,
        2.8358147144317627
      ],
      [
        6841,
        3.1244027614593506
      ],
      [
        6842,
        3.011780023574829
      ],
      [
        6843,
        3.01246976852417
      ],
      [
        6844,
        2.6607391834259033
      ],
      [
        6845,
        3.1912550926208496
      ],
      [
        6846,
        3.2586283683776855
      ],
      [
        6847,
        2.7956719398498535
      ],
      [
        6848,
        2.9151976108551025
      ],
      [
        6849,
        2.612062931060791
      ],
      [
        6850,
        2.7305002212524414
      ],
      [
        6851,
        2.9363315105438232
      ],
      [
        6852,
        3.0680418014526367
      ],
      [
        6853,
        3.086172342300415
      ],
      [
        6854,
        3.037855386734009
      ],
      [
        6855,
        2.8591842651367188
      ],
      [
        6856,
        3.020381450653076
      ],
      [
        6857,
        2.9854683876037598
      ],
      [
        6858,
        3.0592362880706787
      ],
      [
        6859,
        2.965583562850952
      ],
      [
        6860,
        2.998278856277466
      ],
      [
        6861,
        2.924354076385498
      ],
      [
        6862,
        2.968402147293091
      ],
      [
        6863,
        2.8784637451171875
      ],
      [
        6864,
        3.0799193382263184
      ],
      [
        6865,
        2.899066209793091
      ]
    ],
    "perplexity": 19.04708991561289
  },
  "full": {
    "methodology": "full",
    "total_steps": 5557,
    "total_tokens": 22753280,
    "total_time": 600.0347876548767,
    "final_loss": 2.9002058506011963,
    "min_loss": 2.4117701053619385,
    "backward_passes": 5557,
    "forward_passes": 5557,
    "backward_reduction": 0.0,
    "tokens_per_second": 37919.93475732786,